tic_id,predicted_class,confidence,period,depth,duration_hrs,snr,period_search,models_in_agreement,needs_review,ingress_egress_ratio,secondary_eclipse_depth,flat_bottom_fraction
29857954,FAILED,,,,,,TLS,,,,,
38845463,Blend,0.6642343847852381,0.6173387056861899,0.00093861,0.37617873457276885,3.2544,TLS,3/3,False,90.0,0.00046015,0.333333
140501021,Eclipsing Binary,0.5259129209980055,2.271035026058056,0.00580129,0.4923933216286991,2.899,TLS,3/3,False,30.333333,0.0,1.0
159862112,FAILED,,,,,,TLS,,,,,
470171739,Eclipsing Binary,0.8666578545307831,4.618360436056408,0.00431463,4.465839667190865,17.0492,TLS,3/3,False,1.0,0.00049166,0.25
