tic_id,predicted_class,confidence,period,depth,duration_hrs,snr,period_search,models_in_agreement,needs_review,ingress_egress_ratio,secondary_eclipse_depth,flat_bottom_fraction
29857954,FAILED,,,,,,TLS,,,,,
38845463,Blend,0.7029411447354641,0.6173387056861899,0.00093861,0.37617873457276885,3.2544,TLS,3/3,False,90.0,0.00046015,0.333333
140501021,Transit,0.6651828412512791,2.271035026058056,0.00580129,0.4923933216286991,2.899,TLS,2/3,True,30.333333,0.0,1.0
159862112,FAILED,,,,,,TLS,,,,,
470171739,Transit,0.4532780648852281,4.618360436056408,0.00431463,4.465839667190865,17.0492,TLS,2/3,True,1.0,0.00049166,0.25
